regime,variant,seed,auc,pr_auc
"10 loci, n=10",star_ratio,,0.860487,0.900739
"10 loci, n=10",MSE,67,0.823084,0.875890
"10 loci, n=10",PGINN,67,0.819756,0.856593
"10 loci, n=10",star+MSE,67,0.860575,0.901291
"10 loci, n=10",star+PGINN,67,0.857994,0.893425
"10 loci, n=10",star+MSE+PGINN,67,0.859362,0.900346
"10 loci, n=10",MSE,68,0.826394,0.874630
"10 loci, n=10",PGINN,68,0.826909,0.876944
"10 loci, n=10",star+MSE,68,0.860100,0.900798
"10 loci, n=10",star+PGINN,68,0.860806,0.901522
"10 loci, n=10",star+MSE+PGINN,68,0.860287,0.901213
"10 loci, n=10",MSE,69,0.823147,0.876463
"10 loci, n=10",PGINN,69,0.831856,0.880514
"10 loci, n=10",star+MSE,69,0.860250,0.900932
"10 loci, n=10",star+PGINN,69,0.860700,0.901385
"10 loci, n=10",star+MSE+PGINN,69,0.860512,0.901466
"10 loci, n=10",MSE,70,0.828969,0.875812
"10 loci, n=10",PGINN,70,0.831234,0.881598
"10 loci, n=10",star+MSE,70,0.860131,0.900835
"10 loci, n=10",star+PGINN,70,0.860431,0.901171
"10 loci, n=10",star+MSE+PGINN,70,0.860187,0.901118
"10 loci, n=10",MSE,71,0.839638,0.883277
"10 loci, n=10",PGINN,71,0.830106,0.880233
"10 loci, n=10",star+MSE,71,0.860444,0.900942
"10 loci, n=10",star+PGINN,71,0.860519,0.901123
"10 loci, n=10",star+MSE+PGINN,71,0.860487,0.901201
"10 loci, n=10",MSE,72,0.823887,0.873890
"10 loci, n=10",PGINN,72,0.823566,0.878103
"10 loci, n=10",star+MSE,72,0.860025,0.900813
"10 loci, n=10",star+PGINN,72,0.860100,0.900988
"10 loci, n=10",star+MSE+PGINN,72,0.859800,0.900977
"10 loci, n=10",MSE,73,0.825716,0.875047
"10 loci, n=10",PGINN,73,0.834356,0.884469
"10 loci, n=10",star+MSE,73,0.860281,0.900864
"10 loci, n=10",star+PGINN,73,0.861263,0.901718
"10 loci, n=10",star+MSE+PGINN,73,0.861006,0.901649
"10 loci, n=10",MSE,74,0.830684,0.877754
"10 loci, n=10",PGINN,74,0.837006,0.884599
"10 loci, n=10",star+MSE,74,0.860344,0.900872
"10 loci, n=10",star+PGINN,74,0.861025,0.901494
"10 loci, n=10",star+MSE+PGINN,74,0.860712,0.901335
"10 loci, n=10",MSE,75,0.834512,0.878697
"10 loci, n=10",PGINN,75,0.827309,0.876686
"10 loci, n=10",star+MSE,75,0.860000,0.900815
"10 loci, n=10",star+PGINN,75,0.860181,0.900974
"10 loci, n=10",star+MSE+PGINN,75,0.859938,0.901027
"10 loci, n=10",MSE,76,0.829125,0.876933
"10 loci, n=10",PGINN,76,0.834369,0.880040
"10 loci, n=10",star+MSE,76,0.860194,0.900998
"10 loci, n=10",star+PGINN,76,0.859856,0.900770
"10 loci, n=10",star+MSE+PGINN,76,0.859712,0.900794
"10 loci, n=20",star_ratio,,0.847606,0.893667
"10 loci, n=20",MSE,67,0.816481,0.866307
"10 loci, n=20",PGINN,67,0.808425,0.855548
"10 loci, n=20",star+MSE,67,0.847350,0.893349
"10 loci, n=20",star+PGINN,67,0.847106,0.893130
"10 loci, n=20",star+MSE+PGINN,67,0.846981,0.892940
"10 loci, n=20",MSE,68,0.811850,0.862498
"10 loci, n=20",PGINN,68,0.810209,0.859440
"10 loci, n=20",star+MSE,68,0.847150,0.893316
"10 loci, n=20",star+PGINN,68,0.847806,0.893590
"10 loci, n=20",star+MSE+PGINN,68,0.847444,0.893280
"10 loci, n=20",MSE,69,0.807931,0.859229
"10 loci, n=20",PGINN,69,0.803953,0.855191
"10 loci, n=20",star+MSE,69,0.846894,0.893049
"10 loci, n=20",star+PGINN,69,0.847263,0.893444
"10 loci, n=20",star+MSE+PGINN,69,0.846881,0.892993
"10 loci, n=20",MSE,70,0.807503,0.859679
"10 loci, n=20",PGINN,70,0.793697,0.843355
"10 loci, n=20",star+MSE,70,0.847069,0.893255
"10 loci, n=20",star+PGINN,70,0.846844,0.892934
"10 loci, n=20",star+MSE+PGINN,70,0.846925,0.892996
"10 loci, n=20",MSE,71,0.813487,0.863749
"10 loci, n=20",PGINN,71,0.801962,0.853008
"10 loci, n=20",star+MSE,71,0.847363,0.893390
"10 loci, n=20",star+PGINN,71,0.847244,0.893268
"10 loci, n=20",star+MSE+PGINN,71,0.847088,0.893090
"10 loci, n=20",MSE,72,0.817956,0.867768
"10 loci, n=20",PGINN,72,0.801666,0.853620
"10 loci, n=20",star+MSE,72,0.847419,0.893480
"10 loci, n=20",star+PGINN,72,0.847475,0.893335
"10 loci, n=20",star+MSE+PGINN,72,0.847463,0.893272
"10 loci, n=20",MSE,73,0.802619,0.856438
"10 loci, n=20",PGINN,73,0.806262,0.856618
"10 loci, n=20",star+MSE,73,0.846825,0.893016
"10 loci, n=20",star+PGINN,73,0.847125,0.893211
"10 loci, n=20",star+MSE+PGINN,73,0.846812,0.892940
"10 loci, n=20",MSE,74,0.811856,0.864410
"10 loci, n=20",PGINN,74,0.801409,0.850170
"10 loci, n=20",star+MSE,74,0.847063,0.893228
"10 loci, n=20",star+PGINN,74,0.846938,0.893104
"10 loci, n=20",star+MSE+PGINN,74,0.846787,0.892923
"10 loci, n=20",MSE,75,0.814181,0.867363
"10 loci, n=20",PGINN,75,0.807759,0.859392
"10 loci, n=20",star+MSE,75,0.847337,0.893487
"10 loci, n=20",star+PGINN,75,0.847300,0.893369
"10 loci, n=20",star+MSE+PGINN,75,0.847194,0.893318
"10 loci, n=20",MSE,76,0.809866,0.863894
"10 loci, n=20",PGINN,76,0.810750,0.861717
"10 loci, n=20",star+MSE,76,0.847187,0.893360
"10 loci, n=20",star+PGINN,76,0.847581,0.893525
"10 loci, n=20",star+MSE+PGINN,76,0.847387,0.893365
"1 locus, n=10",star_ratio,,0.755756,0.753987
"1 locus, n=10",MSE,67,0.731056,0.778006
"1 locus, n=10",PGINN,67,0.745663,0.808005
"1 locus, n=10",star+MSE,67,0.770481,0.806399
"1 locus, n=10",star+PGINN,67,0.776519,0.823238
"1 locus, n=10",star+MSE+PGINN,67,0.775300,0.821882
"1 locus, n=10",MSE,68,0.750028,0.796726
"1 locus, n=10",PGINN,68,0.748566,0.797278
"1 locus, n=10",star+MSE,68,0.774738,0.813468
"1 locus, n=10",star+PGINN,68,0.777244,0.812666
"1 locus, n=10",star+MSE+PGINN,68,0.776175,0.808691
"1 locus, n=10",MSE,69,0.728909,0.790148
"1 locus, n=10",PGINN,69,0.747975,0.810840
"1 locus, n=10",star+MSE,69,0.774063,0.815846
"1 locus, n=10",star+PGINN,69,0.779375,0.825672
"1 locus, n=10",star+MSE+PGINN,69,0.777956,0.824236
"1 locus, n=10",MSE,70,0.752400,0.800244
"1 locus, n=10",PGINN,70,0.747228,0.797000
"1 locus, n=10",star+MSE,70,0.776988,0.815231
"1 locus, n=10",star+PGINN,70,0.775950,0.811937
"1 locus, n=10",star+MSE+PGINN,70,0.775087,0.811646
"1 locus, n=10",MSE,71,0.733175,0.786703
"1 locus, n=10",PGINN,71,0.731744,0.772872
"1 locus, n=10",star+MSE,71,0.768981,0.810436
"1 locus, n=10",star+PGINN,71,0.769106,0.798867
"1 locus, n=10",star+MSE+PGINN,71,0.766338,0.803706
"1 locus, n=10",MSE,72,0.749191,0.799312
"1 locus, n=10",PGINN,72,0.752378,0.811683
"1 locus, n=10",star+MSE,72,0.777569,0.815242
"1 locus, n=10",star+PGINN,72,0.777944,0.824918
"1 locus, n=10",star+MSE+PGINN,72,0.777344,0.823152
"1 locus, n=10",MSE,73,0.736197,0.793326
"1 locus, n=10",PGINN,73,0.746225,0.789369
"1 locus, n=10",star+MSE,73,0.771613,0.814978
"1 locus, n=10",star+PGINN,73,0.774700,0.808615
"1 locus, n=10",star+MSE+PGINN,73,0.772319,0.814777
"1 locus, n=10",MSE,74,0.764134,0.812344
"1 locus, n=10",PGINN,74,0.747609,0.806920
"1 locus, n=10",star+MSE,74,0.777844,0.820763
"1 locus, n=10",star+PGINN,74,0.778194,0.823121
"1 locus, n=10",star+MSE+PGINN,74,0.779631,0.824047
"1 locus, n=10",MSE,75,0.748459,0.801869
"1 locus, n=10",PGINN,75,0.751534,0.808271
"1 locus, n=10",star+MSE,75,0.777006,0.818161
"1 locus, n=10",star+PGINN,75,0.777838,0.821986
"1 locus, n=10",star+MSE+PGINN,75,0.777800,0.821591
"1 locus, n=10",MSE,76,0.747453,0.801508
"1 locus, n=10",PGINN,76,0.753403,0.813524
"1 locus, n=10",star+MSE,76,0.775981,0.816568
"1 locus, n=10",star+PGINN,76,0.779950,0.826715
"1 locus, n=10",star+MSE+PGINN,76,0.779706,0.825993
"1 locus, n=20",star_ratio,,0.779594,0.763641
"1 locus, n=20",MSE,67,0.787747,0.844460
"1 locus, n=20",PGINN,67,0.788266,0.843935
"1 locus, n=20",star+MSE,67,0.813338,0.858661
"1 locus, n=20",star+PGINN,67,0.813962,0.856673
"1 locus, n=20",star+MSE+PGINN,67,0.815394,0.858705
"1 locus, n=20",MSE,68,0.782053,0.836781
"1 locus, n=20",PGINN,68,0.801313,0.848535
"1 locus, n=20",star+MSE,68,0.808306,0.853015
"1 locus, n=20",star+PGINN,68,0.814156,0.857159
"1 locus, n=20",star+MSE+PGINN,68,0.813050,0.856545
"1 locus, n=20",MSE,69,0.770403,0.828682
"1 locus, n=20",PGINN,69,0.805200,0.851843
"1 locus, n=20",star+MSE,69,0.805450,0.848625
"1 locus, n=20",star+PGINN,69,0.816788,0.859053
"1 locus, n=20",star+MSE+PGINN,69,0.814481,0.856827
"1 locus, n=20",MSE,70,0.783556,0.834908
"1 locus, n=20",PGINN,70,0.795944,0.844743
"1 locus, n=20",star+MSE,70,0.807781,0.849792
"1 locus, n=20",star+PGINN,70,0.811888,0.854687
"1 locus, n=20",star+MSE+PGINN,70,0.811125,0.853940
"1 locus, n=20",MSE,71,0.785491,0.839557
"1 locus, n=20",PGINN,71,0.782569,0.840226
"1 locus, n=20",star+MSE,71,0.809950,0.854951
"1 locus, n=20",star+PGINN,71,0.811881,0.857220
"1 locus, n=20",star+MSE+PGINN,71,0.811319,0.857032
"1 locus, n=20",MSE,72,0.789509,0.839908
"1 locus, n=20",PGINN,72,0.787706,0.822315
"1 locus, n=20",star+MSE,72,0.809638,0.854730
"1 locus, n=20",star+PGINN,72,0.809281,0.839993
"1 locus, n=20",star+MSE+PGINN,72,0.808900,0.848747
"1 locus, n=20",MSE,73,0.790600,0.843073
"1 locus, n=20",PGINN,73,0.794341,0.843579
"1 locus, n=20",star+MSE,73,0.811375,0.855590
"1 locus, n=20",star+PGINN,73,0.810950,0.854271
"1 locus, n=20",star+MSE+PGINN,73,0.811625,0.855430
"1 locus, n=20",MSE,74,0.782516,0.835396
"1 locus, n=20",PGINN,74,0.789766,0.835429
"1 locus, n=20",star+MSE,74,0.809806,0.855293
"1 locus, n=20",star+PGINN,74,0.810675,0.852505
"1 locus, n=20",star+MSE+PGINN,74,0.810456,0.854587
"1 locus, n=20",MSE,75,0.786247,0.840483
"1 locus, n=20",PGINN,75,0.786075,0.837568
"1 locus, n=20",star+MSE,75,0.811244,0.857086
"1 locus, n=20",star+PGINN,75,0.810262,0.853252
"1 locus, n=20",star+MSE+PGINN,75,0.810306,0.854617
"1 locus, n=20",MSE,76,0.793928,0.843303
"1 locus, n=20",PGINN,76,0.793522,0.843150
"1 locus, n=20",star+MSE,76,0.811394,0.854872
"1 locus, n=20",star+PGINN,76,0.811519,0.856559
"1 locus, n=20",star+MSE+PGINN,76,0.812300,0.857079
