regime,loss,metric,bin,n,value
10 loci, n=10,Classical:star_ratio,AUC,,,0.861306
10 loci, n=10,Classical:star_ratio,sensitivity,[1,10),124,0.048
10 loci, n=10,Classical:star_ratio,sensitivity,[10,50),110,0.873
10 loci, n=10,Classical:star_ratio,sensitivity,[50,200),77,1.000
10 loci, n=10,Classical:star_ratio,sensitivity,[200,1000.0001),89,1.000
10 loci, n=10,MSE,AUC,,,0.8308+/-0.0058
10 loci, n=10,MSE,sensitivity,[1,10),124,0.065+/-0.017
10 loci, n=10,MSE,sensitivity,[10,50),110,0.672+/-0.033
10 loci, n=10,MSE,sensitivity,[50,200),77,0.999+/-0.004
10 loci, n=10,MSE,sensitivity,[200,1000.0001),89,1.000+/-0.000
10 loci, n=10,PGINN,AUC,,,0.8318+/-0.0044
10 loci, n=10,PGINN,sensitivity,[1,10),124,0.089+/-0.019
10 loci, n=10,PGINN,sensitivity,[10,50),110,0.705+/-0.035
10 loci, n=10,PGINN,sensitivity,[50,200),77,1.000+/-0.000
10 loci, n=10,PGINN,sensitivity,[200,1000.0001),89,1.000+/-0.000
10 loci, n=20,Classical:star_ratio,AUC,,,0.848469
10 loci, n=20,Classical:star_ratio,sensitivity,[1,10),145,0.131
10 loci, n=20,Classical:star_ratio,sensitivity,[10,50),89,0.944
10 loci, n=20,Classical:star_ratio,sensitivity,[50,200),76,1.000
10 loci, n=20,Classical:star_ratio,sensitivity,[200,1000.0001),90,1.000
10 loci, n=20,MSE,AUC,,,0.8168+/-0.0047
10 loci, n=20,MSE,sensitivity,[1,10),145,0.061+/-0.013
10 loci, n=20,MSE,sensitivity,[10,50),89,0.706+/-0.057
10 loci, n=20,MSE,sensitivity,[50,200),76,1.000+/-0.000
10 loci, n=20,MSE,sensitivity,[200,1000.0001),90,1.000+/-0.000
10 loci, n=20,PGINN,AUC,,,0.8083+/-0.0050
10 loci, n=20,PGINN,sensitivity,[1,10),145,0.050+/-0.013
10 loci, n=20,PGINN,sensitivity,[10,50),89,0.627+/-0.057
10 loci, n=20,PGINN,sensitivity,[50,200),76,1.000+/-0.000
10 loci, n=20,PGINN,sensitivity,[200,1000.0001),90,1.000+/-0.000
1 locus, n=10,Classical:star_ratio,AUC,,,0.756513
1 locus, n=10,Classical:star_ratio,sensitivity,[1,10),152,0.072
1 locus, n=10,Classical:star_ratio,sensitivity,[10,50),79,0.228
1 locus, n=10,Classical:star_ratio,sensitivity,[50,200),75,0.520
1 locus, n=10,Classical:star_ratio,sensitivity,[200,1000.0001),94,0.521
1 locus, n=10,MSE,AUC,,,0.7529+/-0.0116
1 locus, n=10,MSE,sensitivity,[1,10),152,0.057+/-0.011
1 locus, n=10,MSE,sensitivity,[10,50),79,0.224+/-0.040
1 locus, n=10,MSE,sensitivity,[50,200),75,0.789+/-0.043
1 locus, n=10,MSE,sensitivity,[200,1000.0001),94,0.984+/-0.014
1 locus, n=10,PGINN,AUC,,,0.7569+/-0.0062
1 locus, n=10,PGINN,sensitivity,[1,10),152,0.043+/-0.012
1 locus, n=10,PGINN,sensitivity,[10,50),79,0.219+/-0.048
1 locus, n=10,PGINN,sensitivity,[50,200),75,0.827+/-0.042
1 locus, n=10,PGINN,sensitivity,[200,1000.0001),94,0.999+/-0.003
1 locus, n=20,Classical:star_ratio,AUC,,,0.780450
1 locus, n=20,Classical:star_ratio,sensitivity,[1,10),128,0.070
1 locus, n=20,Classical:star_ratio,sensitivity,[10,50),90,0.200
1 locus, n=20,Classical:star_ratio,sensitivity,[50,200),77,0.532
1 locus, n=20,Classical:star_ratio,sensitivity,[200,1000.0001),105,0.600
1 locus, n=20,MSE,AUC,,,0.7960+/-0.0048
1 locus, n=20,MSE,sensitivity,[1,10),128,0.059+/-0.014
1 locus, n=20,MSE,sensitivity,[10,50),90,0.301+/-0.040
1 locus, n=20,MSE,sensitivity,[50,200),77,0.869+/-0.027
1 locus, n=20,MSE,sensitivity,[200,1000.0001),105,0.997+/-0.006
1 locus, n=20,PGINN,AUC,,,0.8010+/-0.0082
1 locus, n=20,PGINN,sensitivity,[1,10),128,0.078+/-0.012
1 locus, n=20,PGINN,sensitivity,[10,50),90,0.301+/-0.030
1 locus, n=20,PGINN,sensitivity,[50,200),77,0.890+/-0.020
1 locus, n=20,PGINN,sensitivity,[200,1000.0001),105,1.000+/-0.000
