locus,chr2L_start,chr2L_end,bp,migrate_theta_mode,ntrees,MSE_theta,MSE_theta_q025,MSE_theta_q975,MSE_s,MSE_s_q025,MSE_s_q975,PGINN_theta,PGINN_theta_q025,PGINN_theta_q975,PGINN_s,PGINN_s_q025,PGINN_s_q975,PGINN_pct_s0
1,14615552,14615609,58,0.00750,1000,0.00864,0.00305,0.02340,2.29494,0.31829,7.60822,0.00937,0.00305,0.02149,1.62091,0.00000,5.19720,31.5
2,14615610,14615789,180,0.00617,1000,0.00607,0.00242,0.01261,1.71021,0.10681,6.85098,0.00654,0.00240,0.01228,0.88831,0.00000,5.45404,53.9
3,14615790,14615945,156,0.00337,1000,0.00321,0.00154,0.00765,1.51056,0.01558,17.10690,0.00319,0.00112,0.00789,0.48762,0.00000,11.86944,64.2
4,14615946,14616039,94,0.01450,1000,0.01670,0.00820,0.03106,0.76705,0.00000,7.60453,0.01810,0.00880,0.03866,2.31625,0.55699,22.98864,12.9
5,14616040,14616185,146,0.01243,1000,0.01232,0.00146,0.02834,0.00000,0.00000,7.21492,0.01730,0.00106,0.04069,3.57484,0.45920,450.93570,13.5
6,14616186,14616416,231,0.00530,1000,0.00504,0.00226,0.01061,2.36550,0.16036,22.14138,0.00515,0.00200,0.01046,1.58596,0.00000,21.16154,38.9
7,14616417,14616637,221,0.00470,1000,0.00464,0.00233,0.00964,2.53399,0.01785,16.81898,0.00453,0.00194,0.00968,2.01114,0.00000,19.28235,33.7
8,14616638,14616901,264,0.00317,1000,0.00399,0.00179,0.00775,2.53770,0.00000,32.08076,0.00352,0.00145,0.00753,3.36451,0.00000,45.60228,23.1
9,14616902,14617137,236,0.01037,1000,0.01303,0.00710,0.02145,3.54818,1.21694,8.15362,0.01472,0.00788,0.02436,3.30770,0.59707,8.56798,5.0
10,14617138,14617371,234,0.00637,1000,0.00607,0.00256,0.01113,1.87370,0.15521,14.13305,0.00636,0.00231,0.01139,1.33152,0.00000,13.54961,42.4
11,14617372,14617804,433,0.00290,1000,0.00294,0.00169,0.00581,4.37708,0.08276,53.36784,0.00271,0.00132,0.00567,4.55772,0.00000,49.04344,17.3
12,14617805,14618637,833,0.00470,1000,0.00451,0.00291,0.00726,1.61515,0.00000,7.64959,0.00442,0.00258,0.00727,0.89137,0.00000,11.19318,53.0
13,14618638,14618793,156,0.00697,1000,0.00723,0.00269,0.01492,2.99556,0.35831,23.80047,0.00749,0.00247,0.01497,2.36533,0.00000,26.40389,21.7
14,14618794,14618851,58,0.00303,1000,0.00448,0.00137,0.01470,2.71301,0.04054,62.10590,0.00438,0.00101,0.01429,2.19892,0.00000,58.08039,28.6
15,14618852,14618902,51,0.00610,1000,0.00764,0.00223,0.02152,2.46595,0.00000,19.47177,0.00809,0.00192,0.02070,2.11110,0.00000,23.30343,29.0
